week_start,week_end,income_ex_vat,spending_ex_vat,profit_ex_vat,income_inc_vat,spending_inc_vat,profit_inc_vat,supplier_bills_ex_vat,spend_money_ex_vat,customer_invoice_count,supplier_bill_count,spend_money_count
2024-08-05,2024-08-11,0.00,2.81,-2.81,0.00,3.28,-3.28,0.00,2.81,0,0,1
2024-08-12,2024-08-18,4335.07,4241.84,93.23,5202.08,5740.88,-538.80,0.00,4241.84,25,0,22
2024-08-19,2024-08-25,3027.41,2326.53,700.88,3632.90,2391.48,1241.42,0.00,2326.53,19,0,24
2024-08-26,2024-09-01,3239.33,1558.06,1681.27,3887.20,1607.88,2279.32,0.00,1558.06,20,0,22
2024-09-02,2024-09-08,4278.41,2519.74,1758.67,5134.10,2598.04,2536.06,0.00,2519.74,22,0,30
2024-09-09,2024-09-15,5129.50,2908.04,2221.46,6155.40,3009.76,3145.64,0.00,2908.04,30,0,34
2024-09-16,2024-09-22,4831.47,2831.51,1999.96,5797.76,3114.35,2683.41,0.00,2831.51,18,0,22
2024-09-23,2024-09-29,3781.51,2030.11,1751.40,4537.81,2073.49,2464.32,0.00,2030.11,26,0,17
2024-09-30,2024-10-06,5499.13,3471.82,2027.31,6598.96,3761.79,2837.17,0.00,3471.82,35,0,37
2024-10-07,2024-10-13,5926.34,3588.38,2337.96,7111.60,3671.31,3440.29,0.00,3588.38,32,0,33
2024-10-14,2024-10-20,3307.36,3178.27,129.09,3968.84,3560.62,408.22,0.00,3178.27,24,0,27
2024-10-21,2024-10-27,3560.24,1170.72,2389.52,4272.29,1199.22,3073.07,0.00,1170.72,22,0,13
2024-10-28,2024-11-03,5688.67,1950.62,3738.05,6826.40,2061.17,4765.23,0.00,1950.62,36,0,29
2024-11-04,2024-11-10,3312.40,1671.17,1641.23,3974.88,1731.32,2243.56,0.00,1671.17,18,0,18
2024-11-11,2024-11-17,3245.60,1499.35,1746.25,3894.72,1577.59,2317.13,0.00,1499.35,20,0,17
2024-11-18,2024-11-24,4894.53,3801.39,1093.14,5873.44,4428.41,1445.03,0.00,3801.39,31,0,32
2024-11-25,2024-12-01,4021.80,2566.09,1455.71,4826.16,2931.57,1894.59,0.00,2566.09,27,0,27
2024-12-02,2024-12-08,7675.00,2104.98,5570.02,9210.00,2447.14,6762.86,33.00,2071.98,37,1,41
2024-12-09,2024-12-15,4854.75,3070.15,1784.60,5825.70,3372.01,2453.69,0.00,3070.15,32,0,34
2024-12-16,2024-12-22,4009.38,4853.06,-843.68,4811.26,5568.09,-756.83,0.00,4853.06,26,0,33
2024-12-23,2024-12-29,1060.00,1564.27,-504.27,1272.00,1775.00,-503.00,0.00,1564.27,7,0,19
2024-12-30,2025-01-05,822.55,685.93,136.62,987.06,759.40,227.66,0.00,685.93,5,0,9
2025-01-06,2025-01-12,3701.90,1817.23,1884.67,4442.28,1894.08,2548.20,0.00,1817.23,24,0,29
2025-01-13,2025-01-19,3769.69,3278.53,491.16,4523.63,3781.06,742.57,0.00,3278.53,24,0,27
2025-01-20,2025-01-26,2487.65,2207.23,280.42,2982.25,2532.96,449.29,0.00,2207.23,13,0,29
2025-01-27,2025-02-02,3723.48,1390.87,2332.61,4468.18,1586.45,2881.73,0.00,1390.87,24,0,30
2025-02-03,2025-02-09,3805.37,1078.83,2726.54,4566.44,1224.39,3342.05,0.00,1078.83,25,0,32
2025-02-10,2025-02-16,4496.00,3471.17,1024.83,5395.20,3851.63,1543.57,11.25,3459.92,23,1,39
2025-02-17,2025-02-23,5114.20,6376.12,-1261.92,6137.04,7389.26,-1252.22,0.00,6376.12,29,0,58
2025-02-24,2025-03-02,3709.00,3254.47,454.53,4450.80,3768.62,682.18,0.00,3254.47,22,0,38
2025-03-03,2025-03-09,6258.32,2508.67,3749.65,7509.05,2900.90,4608.15,0.00,2508.67,28,0,54
2025-03-10,2025-03-16,5772.33,3805.89,1966.44,6926.80,4247.94,2678.86,0.00,3805.89,34,0,59
2025-03-17,2025-03-23,4012.50,8886.65,-4874.15,4802.00,10091.46,-5289.46,0.00,8886.65,26,0,47
2025-03-24,2025-03-30,3738.25,2523.53,1214.72,4485.90,2894.68,1591.22,210.48,2313.05,20,2,62
2025-03-31,2025-04-06,10537.30,3354.44,7182.86,12626.96,3865.05,8761.91,218.55,3135.89,28,4,58
2025-04-07,2025-04-13,5889.45,5975.71,-86.26,7066.25,6813.91,252.34,1653.92,4321.79,31,6,62
2025-04-14,2025-04-20,4757.98,8391.78,-3633.80,5702.14,9085.51,-3383.37,875.42,7516.36,22,9,40
2025-04-21,2025-04-27,5888.28,4519.20,1369.08,7064.03,5070.94,1993.09,39.70,4479.50,39,6,68
2025-04-28,2025-05-04,6304.99,4881.79,1423.20,7561.31,5691.02,1870.29,1270.23,3611.56,28,29,33
2025-05-05,2025-05-11,5171.21,3922.88,1248.33,6202.21,4533.38,1668.83,388.44,3534.44,24,20,33
2025-05-12,2025-05-18,4728.00,6111.63,-1383.63,5672.00,6721.94,-1049.94,568.12,5543.51,29,19,33
2025-05-19,2025-05-25,7327.22,4537.76,2789.46,8792.66,5069.09,3723.57,431.03,4106.73,27,21,38
2025-05-26,2025-06-01,3394.10,4194.81,-800.71,4040.52,4710.00,-669.48,1588.21,2606.60,17,20,15
2025-06-02,2025-06-08,5717.28,4051.17,1666.11,6858.30,4758.42,2099.88,1618.59,2432.58,27,22,38
2025-06-09,2025-06-15,6517.83,4444.38,2073.45,7821.39,5173.42,2647.97,1710.46,2733.92,30,28,28
2025-06-16,2025-06-22,4077.96,4144.89,-66.93,4893.55,4660.55,233.00,2479.61,1665.28,21,12,27
2025-06-23,2025-06-29,2198.50,1791.75,406.75,2638.20,2073.68,564.52,1400.27,391.48,10,5,12
2025-06-30,2025-07-06,4546.25,3254.40,1291.85,5455.50,3829.70,1625.80,2284.87,969.53,22,14,23
2025-07-07,2025-07-13,6282.57,2216.52,4066.05,7539.08,2500.68,5038.40,525.88,1690.64,33,19,20
2025-07-14,2025-07-20,6919.17,4651.77,2267.40,8303.00,5281.22,3021.78,1599.17,3052.60,24,31,19
2025-07-21,2025-07-27,5991.98,2641.35,3350.63,7190.38,3071.15,4119.23,746.75,1894.60,34,20,19
2025-07-28,2025-08-03,7190.04,3489.28,3700.76,8628.05,3848.02,4780.03,1618.42,1870.86,30,24,22
2025-08-04,2025-08-10,3296.00,3737.31,-441.31,3955.20,4395.78,-440.58,2002.99,1734.32,19,12,23
2025-08-11,2025-08-17,3735.75,3670.02,65.73,4482.90,3976.77,506.13,1323.35,2346.67,20,14,19
2025-08-18,2025-08-24,2103.50,3775.51,-1672.01,2524.20,3970.61,-1446.41,3019.48,756.03,11,15,17
2025-08-25,2025-08-31,3396.17,1982.92,1413.25,4075.40,2260.67,1814.73,648.64,1334.28,21,13,19
2025-09-01,2025-09-07,4536.80,1896.25,2640.55,5444.16,2209.70,3234.46,905.66,990.59,26,23,24
2025-09-08,2025-09-14,6624.83,1663.48,4961.35,7949.80,1938.68,6011.12,380.42,1283.06,29,9,31
2025-09-15,2025-09-21,6723.42,3102.45,3620.97,8068.10,3387.07,4681.03,492.17,2610.28,42,13,24
2025-09-22,2025-09-28,6591.96,2262.19,4329.77,7910.35,2587.85,5322.50,432.02,1830.17,35,14,25
2025-09-29,2025-10-05,3872.00,7387.60,-3515.60,4646.40,8769.08,-4122.68,5731.49,1656.11,22,19,22
2025-10-06,2025-10-12,2614.05,3170.84,-556.79,3136.86,3728.05,-591.19,1111.32,2059.52,18,18,20
2025-10-13,2025-10-19,7976.00,3744.80,4231.20,9571.20,4138.06,5433.14,632.08,3112.72,21,20,20
2025-10-20,2025-10-26,5285.52,2279.86,3005.66,6335.62,2614.18,3721.44,526.12,1753.74,32,18,32
2025-10-27,2025-11-02,4109.97,6186.44,-2076.47,4931.08,7210.37,-2279.29,4148.48,2037.96,28,19,18
2025-11-03,2025-11-09,6234.60,4223.15,2011.45,7479.40,4962.75,2516.65,2317.02,1906.13,31,13,27
2025-11-10,2025-11-16,4561.80,11479.34,-6917.54,5472.70,11795.17,-6322.47,8982.24,2497.10,26,17,24
2025-11-17,2025-11-23,3279.62,2852.54,427.08,3935.08,3107.16,827.92,361.92,2490.62,21,12,21
2025-11-24,2025-11-30,4994.93,2498.02,2496.91,5990.91,2809.41,3181.50,661.84,1836.18,35,17,21
2025-12-01,2025-12-07,4361.34,5428.22,-1066.88,5233.61,6409.78,-1176.17,4354.40,1073.82,28,22,27
2025-12-08,2025-12-14,5677.00,1878.76,3798.24,6812.40,2091.37,4721.03,794.73,1084.03,26,20,26
2025-12-15,2025-12-21,5808.30,2750.64,3057.66,6969.96,2999.20,3970.76,488.79,2261.85,35,17,21
2025-12-22,2025-12-28,270.00,1124.81,-854.81,324.00,1269.31,-945.31,16.68,1108.13,1,1,12
2025-12-29,2026-01-04,1485.00,1552.87,-67.87,1782.00,1802.33,-20.33,1241.67,311.20,8,9,11
2026-01-05,2026-01-11,3101.50,1199.29,1902.21,3721.80,1425.33,2296.47,1035.62,163.67,19,15,12
2026-01-12,2026-01-18,3304.00,1823.32,1480.68,3964.80,1885.50,2079.30,306.51,1516.81,22,7,15
2026-01-19,2026-01-25,4826.23,1460.46,3365.77,5791.48,1720.28,4071.20,1210.81,249.65,34,17,19
2026-01-26,2026-02-01,4976.83,1549.61,3427.22,5972.20,1803.82,4168.38,1314.13,235.48,29,20,13
2026-02-02,2026-02-08,3880.47,1826.21,2054.26,4656.56,2136.45,2520.11,1523.85,302.36,23,9,20
2026-02-09,2026-02-15,5572.67,661.29,4911.38,6687.20,746.18,5941.02,329.82,331.47,34,11,11
2026-02-16,2026-02-22,5274.00,2977.90,2296.10,6328.80,3320.11,3008.69,1550.70,1427.20,25,11,21
2026-02-23,2026-03-01,4174.03,3067.55,1106.48,5008.84,3512.61,1496.23,1101.83,1965.72,32,13,19
2026-03-02,2026-03-08,4813.83,2721.03,2092.80,5776.60,3192.85,2583.75,2420.54,300.49,25,23,14
2026-03-09,2026-03-15,4897.50,1618.04,3279.46,5877.00,1903.51,3973.49,608.35,1009.69,30,13,12
2026-03-16,2026-03-22,5583.00,8797.74,-3214.74,6699.60,9100.48,-2400.88,6660.35,2137.39,37,18,17
2026-03-23,2026-03-29,7227.50,2764.65,4462.85,8673.00,3048.20,5624.80,1566.77,1197.88,25,20,17
2026-03-30,2026-04-05,5346.85,3157.02,2189.83,6416.22,3704.00,2712.22,1831.79,1325.23,31,13,18
2026-04-06,2026-04-12,5865.00,1940.20,3924.80,7038.00,2253.60,4784.40,68.99,1871.21,25,5,20
2026-04-13,2026-04-19,6728.33,3168.72,3559.61,8068.73,3433.73,4635.00,499.90,2668.82,37,17,34
2026-04-20,2026-04-26,7191.90,1475.41,5716.49,8629.30,1695.63,6933.67,169.14,1306.27,38,7,41
2026-04-27,2026-05-03,5630.00,4301.87,1328.13,6756.00,5063.33,1692.67,2395.68,1906.19,26,6,32
2026-05-04,2026-05-10,2206.96,11402.09,-9195.13,2648.35,11765.86,-9117.51,10378.83,1023.26,15,15,20
2026-05-11,2026-05-17,5550.00,1387.36,4162.64,6660.00,1575.15,5084.85,682.86,704.50,27,15,22
2026-05-18,2026-05-24,5725.41,1835.14,3890.27,6870.49,2175.98,4694.51,1347.02,488.12,29,5,27
2026-05-25,2026-05-31,3304.50,1306.42,1998.08,3965.40,1485.74,2479.66,173.67,1132.75,13,2,23
2026-06-01,2026-06-07,6618.68,3320.56,3298.12,7925.78,3917.20,4008.58,2801.28,519.28,30,6,25
2026-06-08,2026-06-14,4411.50,2265.49,2146.01,5289.00,2649.70,2639.30,314.31,1951.18,28,5,28
2026-06-15,2026-06-21,3675.00,2367.38,1307.62,4407.00,2610.88,1796.12,144.00,2223.38,20,4,14
2026-06-22,2026-06-28,3941.00,2164.56,1776.44,4726.20,2474.46,2251.74,142.96,2021.60,21,5,26
2026-06-29,2026-07-05,3999.48,3458.37,541.11,4799.38,4045.29,754.09,2186.45,1271.92,22,12,21
2026-07-06,2026-07-12,5960.00,2302.16,3657.84,7152.00,2668.08,4483.92,133.88,2168.28,32,3,53
2026-07-13,2026-07-19,3439.67,1526.04,1913.63,4126.37,1635.40,2490.97,71.19,1454.85,18,4,19
2026-07-20,2026-07-26,3832.50,1965.67,1866.83,4599.00,2137.94,2461.06,43.10,1922.57,17,2,42
2026-07-27,2026-08-02,2839.50,133.79,2705.71,3402.40,155.53,3246.87,0.00,133.79,9,0,2
2026-08-03,2026-08-09,2890.00,342.41,2547.59,3468.00,385.84,3082.16,211.45,130.96,21,5,7
2026-08-10,2026-08-16,1000.00,3.08,996.92,1200.00,3.08,1196.92,0.00,3.08,7,0,1
