'Ref','Date','Time','Description','Profile ID','Cart ID','Type','Batch','Matured','Debit','Credit','Balance'
"3313834585","05/05/2026","09:34:36","Sale 08S1C25C339","5957624","1","Sale Settlement","05/05/2026","05/05/2026","","150.00","150.00"
"3313834585","05/05/2026","09:34:36","Merchant Service Charge for Sale Ref: 08S1C25C339","5957624","1","Merchant Service Charge","05/05/2026","05/05/2026","1.30","","148.70"
"3314083844","05/05/2026","14:04:54","Sale 08S1C26775D","5957624","1","Sale Settlement","06/05/2026","06/05/2026","","150.00","298.70"
"3314083844","05/05/2026","14:04:54","Merchant Service Charge for Sale Ref: 08S1C26775D","5957624","1","Merchant Service Charge","06/05/2026","06/05/2026","1.30","","297.40"
"3314431092","05/05/2026","20:00:00","Maturity of Sales for Account: 46795987",,"","Transfer for Remittance","","","148.70","","148.70"
"3314670181","06/05/2026","01:00:00","Maturity of Sales for Account: 46795987",,"","Transfer for Remittance","","","148.70","","0.00"
"3314890942","06/05/2026","08:12:54","Sale 08S1C283F92","5957624","1","Sale Settlement","06/05/2026","06/05/2026","","108.00","108.00"
"3314890942","06/05/2026","08:12:54","Merchant Service Charge for Sale Ref: 08S1C283F92","5957624","1","Merchant Service Charge","06/05/2026","06/05/2026","0.95","","107.05"
"3314917417","06/05/2026","08:46:42","Sale 08S1C284C45","5957624","1","Sale Settlement","06/05/2026","06/05/2026","","240.00","347.05"
"3314917417","06/05/2026","08:46:42","Merchant Service Charge for Sale Ref: 08S1C284C45","5957624","1","Merchant Service Charge","06/05/2026","06/05/2026","2.07","","344.98"
"3315018184","06/05/2026","10:38:51","Sale 08S1C287E0D","5957624","1","Sale Settlement","06/05/2026","06/05/2026","","174.00","518.98"
"3315018184","06/05/2026","10:38:51","Merchant Service Charge for Sale Ref: 08S1C287E0D","5957624","1","Merchant Service Charge","06/05/2026","06/05/2026","1.51","","517.47"
"3315125074","06/05/2026","12:24:40","Sale 08S1C28B4F8","5957624","1","Sale Settlement","06/05/2026","06/05/2026","","108.00","625.47"
"3315125074","06/05/2026","12:24:40","Merchant Service Charge for Sale Ref: 08S1C28B4F8","5957624","1","Merchant Service Charge","06/05/2026","06/05/2026","0.95","","624.52"
"3315561603","06/05/2026","19:00:00","Maturity of Sales for Account: 46795987",,"","Transfer for Remittance","","","344.98","","279.54"
"3315702798","06/05/2026","21:00:00","Maturity of Sales for Account: 46795987",,"","Transfer for Remittance","","","172.49","","107.05"
"3315838372","06/05/2026","23:00:00","Maturity of Sales for Account: 46795987",,"","Transfer for Remittance","","","107.05","","0.00"
"3316138766","07/05/2026","08:46:43","Sale 08S1C2A6BA8","5957624","1","Sale Settlement","07/05/2026","07/05/2026","","222.00","222.00"
"3316138766","07/05/2026","08:46:43","Merchant Service Charge for Sale Ref: 08S1C2A6BA8","5957624","1","Merchant Service Charge","07/05/2026","07/05/2026","0.81","","221.19"
"3316259066","07/05/2026","10:52:53","Sale 08S1C2AA798","5957624","1","Sale Settlement","07/05/2026","07/05/2026","","198.00","419.19"
"3316259066","07/05/2026","10:52:53","Merchant Service Charge for Sale Ref: 08S1C2AA798","5957624","1","Merchant Service Charge","07/05/2026","07/05/2026","0.72","","418.47"
"3316336595","07/05/2026","12:10:42","Sale 08S1C2ACF84","5957624","1","Sale Settlement","07/05/2026","07/05/2026","","207.60","626.07"
"3316336595","07/05/2026","12:10:42","Merchant Service Charge for Sale Ref: 08S1C2ACF84","5957624","1","Merchant Service Charge","07/05/2026","07/05/2026","0.76","","625.31"
"3316406225","07/05/2026","13:30:35","Sale 08S1C2AF4A3","5957624","1","Sale Settlement","07/05/2026","08/05/2026","","150.00","775.31"
"3316406225","07/05/2026","13:30:35","Merchant Service Charge for Sale Ref: 08S1C2AF4A3","5957624","1","Merchant Service Charge","07/05/2026","08/05/2026","0.55","","774.76"
"3316779278","07/05/2026","19:00:00","Maturity of Sales for Account: 46795987",,"","Transfer for Remittance","","","221.19","","553.57"
"3316923728","07/05/2026","21:00:00","Maturity of Sales for Account: 46795987",,"","Transfer for Remittance","","","197.28","","356.29"
"3317022142","07/05/2026","23:00:00","Maturity of Sales for Account: 46795987",,"","Transfer for Remittance","","","206.84","","149.45"
"3317054176","08/05/2026","00:00:00","Maturity of Sales for Account: 46795987",,"","Transfer for Remittance","","","149.45","","0.00"
"3317430011","08/05/2026","08:44:46","Sale 08S1C2C87A6","5957624","1","Sale Settlement","08/05/2026","08/05/2026","","108.00","108.00"
"3317430011","08/05/2026","08:44:46","Merchant Service Charge for Sale Ref: 08S1C2C87A6","5957624","1","Merchant Service Charge","08/05/2026","08/05/2026","0.41","","107.59"
"3317518373","08/05/2026","10:10:49","Sale 08S1C2CB6EE","5957624","1","Sale Settlement","08/05/2026","08/05/2026","","354.00","461.59"
"3317518373","08/05/2026","10:10:49","Merchant Service Charge for Sale Ref: 08S1C2CB6EE","5957624","1","Merchant Service Charge","08/05/2026","08/05/2026","3.04","","458.55"
"3317725789","08/05/2026","13:06:52","Sale 08S1C2D23B2","5957624","1","Sale Settlement","08/05/2026","09/05/2026","","174.00","632.55"
"3317725789","08/05/2026","13:06:52","Merchant Service Charge for Sale Ref: 08S1C2D23B2","5957624","1","Merchant Service Charge","08/05/2026","09/05/2026","0.64","","631.91"
"3318166188","08/05/2026","19:00:00","Maturity of Sales for Account: 46795987",,"","Transfer for Remittance","","","107.59","","524.32"
"3318313954","08/05/2026","21:00:00","Maturity of Sales for Account: 46795987",,"","Transfer for Remittance","","","350.96","","173.36"
"3318447864","09/05/2026","00:00:00","Maturity of Sales for Account: 46795987",,"","Transfer for Remittance","","","173.36","","0.00"
"3320916143","11/05/2026","08:25:17","Sale 08S1C32538A","5957624","1","Sale Settlement","11/05/2026","11/05/2026","","258.00","258.00"
"3320916143","11/05/2026","08:25:17","Merchant Service Charge for Sale Ref: 08S1C32538A","5957624","1","Merchant Service Charge","11/05/2026","11/05/2026","0.93","","257.07"
"3321057541","11/05/2026","11:05:10","Sale 08S1C329D0F","5957624","1","Sale Settlement","11/05/2026","11/05/2026","","288.00","545.07"
"3321057541","11/05/2026","11:05:10","Merchant Service Charge for Sale Ref: 08S1C329D0F","5957624","1","Merchant Service Charge","11/05/2026","11/05/2026","1.04","","544.03"
"3321274500","11/05/2026","14:53:16","Sale 08S1C330C53","5957624","1","Sale Settlement","12/05/2026","12/05/2026","","426.00","970.03"
"3321274500","11/05/2026","14:53:16","Merchant Service Charge for Sale Ref: 08S1C330C53","5957624","1","Merchant Service Charge","12/05/2026","12/05/2026","1.52","","968.51"
"3321549609","11/05/2026","19:00:00","Maturity of Sales for Account: 46795987",,"","Transfer for Remittance","","","257.07","","711.44"
"3321713222","11/05/2026","22:00:00","Maturity of Sales for Account: 46795987",,"","Transfer for Remittance","","","286.96","","424.48"
"3321824146","12/05/2026","01:00:00","Maturity of Sales for Account: 46795987",,"","Transfer for Remittance","","","424.48","","0.00"
"3322133428","12/05/2026","09:59:25","Sale 08S1C346DEE","5957624","1","Sale Settlement","12/05/2026","12/05/2026","","282.00","282.00"
"3322133428","12/05/2026","09:59:25","Merchant Service Charge for Sale Ref: 08S1C346DEE","5957624","1","Merchant Service Charge","12/05/2026","12/05/2026","2.43","","279.57"
"3322254506","12/05/2026","12:09:20","Sale 08S1C34AC53","5957624","1","Sale Settlement","12/05/2026","12/05/2026","","108.00","387.57"
"3322254506","12/05/2026","12:09:20","Merchant Service Charge for Sale Ref: 08S1C34AC53","5957624","1","Merchant Service Charge","12/05/2026","12/05/2026","0.95","","386.62"
"3322274342","12/05/2026","12:29:22","Sale 08S1C34B68E","5957624","1","Sale Settlement","12/05/2026","12/05/2026","","162.00","548.62"
"3322274342","12/05/2026","12:29:22","Merchant Service Charge for Sale Ref: 08S1C34B68E","5957624","1","Merchant Service Charge","12/05/2026","12/05/2026","0.60","","548.02"
"3322337603","12/05/2026","14:15:19","Sale 08S1C351AA5","5957624","1","Sale Settlement","13/05/2026","13/05/2026","","186.00","734.02"
"3322337603","12/05/2026","14:15:19","Merchant Service Charge for Sale Ref: 08S1C351AA5","5957624","1","Merchant Service Charge","13/05/2026","13/05/2026","0.68","","733.34"
"3322404953","12/05/2026","15:29:19","Decline 08S1C3568CE","5957624","","Decline Fee","12/05/2026","12/05/2026","0.04","","733.30"
"3322405312","12/05/2026","15:29:24","Sale 08S1C356987","5957624","1","Sale Settlement","13/05/2026","13/05/2026","","108.00","841.30"
"3322405312","12/05/2026","15:29:24","Merchant Service Charge for Sale Ref: 08S1C356987","5957624","1","Merchant Service Charge","13/05/2026","13/05/2026","0.41","","840.89"
"3322682844","12/05/2026","20:00:00","Maturity of Sales for Account: 46795987",,"","Transfer for Remittance","","","279.53","","561.36"
"3322834432","12/05/2026","23:00:00","Maturity of Sales for Account: 46795987",,"","Transfer for Remittance","","","268.45","","292.91"
"3322886683","13/05/2026","01:00:00","Maturity of Sales for Account: 46795987",,"","Transfer for Remittance","","","185.32","","107.59"
"3322896131","13/05/2026","02:00:00","Maturity of Sales for Account: 46795987",,"","Transfer for Remittance","","","107.59","","0.00"
"3323084743","13/05/2026","07:53:11","Sale 08S1C36A4DE","5957624","1","Sale Settlement","13/05/2026","13/05/2026","","198.00","198.00"
"3323084743","13/05/2026","07:53:11","Merchant Service Charge for Sale Ref: 08S1C36A4DE","5957624","1","Merchant Service Charge","13/05/2026","13/05/2026","1.71","","196.29"
"3323201343","13/05/2026","09:57:31","Decline 08S1C36DAD4","5957624","","Decline Fee","13/05/2026","13/05/2026","0.04","","196.25"
"3323201805","13/05/2026","09:59:14","Sale 08S1C36DB33","5957624","1","Sale Settlement","13/05/2026","13/05/2026","","264.00","460.25"
"3323201805","13/05/2026","09:59:14","Merchant Service Charge for Sale Ref: 08S1C36DB33","5957624","1","Merchant Service Charge","13/05/2026","13/05/2026","0.95","","459.30"
"3323230404","13/05/2026","10:31:19","Sale 08S1C36E9E7","5957624","1","Sale Settlement","13/05/2026","13/05/2026","","240.00","699.30"
"3323230404","13/05/2026","10:31:19","Merchant Service Charge for Sale Ref: 08S1C36E9E7","5957624","1","Merchant Service Charge","13/05/2026","13/05/2026","2.07","","697.23"
"3323372095","13/05/2026","13:03:18","Sale 08S1C37335A","5957624","1","Sale Settlement","13/05/2026","14/05/2026","","180.00","877.23"
"3323372095","13/05/2026","13:03:18","Merchant Service Charge for Sale Ref: 08S1C37335A","5957624","1","Merchant Service Charge","13/05/2026","14/05/2026","0.66","","876.57"
"3323414595","13/05/2026","13:53:10","Sale 08S1C37499F","5957624","1","Sale Settlement","13/05/2026","14/05/2026","","210.00","1,086.57"
"3323414595","13/05/2026","13:53:10","Merchant Service Charge for Sale Ref: 08S1C37499F","5957624","1","Merchant Service Charge","13/05/2026","14/05/2026","0.76","","1,085.81"
"3323672685","13/05/2026","18:00:00","Maturity of Sales for Account: 46795987",,"","Transfer for Remittance","","","196.25","","889.56"
"3323867366","13/05/2026","20:00:00","Maturity of Sales for Account: 46795987",,"","Transfer for Remittance","","","263.05","","626.51"
"3323935243","13/05/2026","21:00:00","Maturity of Sales for Account: 46795987",,"","Transfer for Remittance","","","237.93","","388.58"
"3324057600","14/05/2026","00:00:00","Maturity of Sales for Account: 46795987",,"","Transfer for Remittance","","","388.58","","0.00"
"3324289520","14/05/2026","08:09:26","Sale 08S1C38C1D5","5957624","1","Sale Settlement","14/05/2026","14/05/2026","","108.00","108.00"
"3324289520","14/05/2026","08:09:26","Merchant Service Charge for Sale Ref: 08S1C38C1D5","5957624","1","Merchant Service Charge","14/05/2026","14/05/2026","0.41","","107.59"
"3324690573","14/05/2026","15:40:53","Decline 08S1C398EFF","5957624","","Decline Fee","14/05/2026","14/05/2026","0.04","","107.55"
"3324692700","14/05/2026","15:42:46","Decline 08S1C398F8E","5957624","","Decline Fee","14/05/2026","14/05/2026","0.04","","107.51"
"3324693785","14/05/2026","15:43:01","Sale 08S1C399054","5957624","1","Sale Settlement","15/05/2026","15/05/2026","","606.00","713.51"
"3324693785","14/05/2026","15:43:01","Merchant Service Charge for Sale Ref: 08S1C399054","5957624","1","Merchant Service Charge","15/05/2026","15/05/2026","5.18","","708.33"
"3324936876","14/05/2026","19:00:00","Maturity of Sales for Account: 46795987",,"","Transfer for Remittance","","","107.51","","600.82"
"3325297076","15/05/2026","02:00:00","Maturity of Sales for Account: 46795987",,"","Transfer for Remittance","","","600.82","","0.00"
"3325626412","15/05/2026","08:14:08","Sale 08S1C3ADFF9","5957624","1","Sale Settlement","15/05/2026","15/05/2026","","174.00","174.00"
"3325626412","15/05/2026","08:14:08","Merchant Service Charge for Sale Ref: 08S1C3ADFF9","5957624","1","Merchant Service Charge","15/05/2026","15/05/2026","0.64","","173.36"
"3325887904","15/05/2026","12:18:58","Sale 08S1C3B6344","5957624","1","Sale Settlement","15/05/2026","15/05/2026","","132.00","305.36"
"3325887904","15/05/2026","12:18:58","Merchant Service Charge for Sale Ref: 08S1C3B6344","5957624","1","Merchant Service Charge","15/05/2026","15/05/2026","0.49","","304.87"
"3325933493","15/05/2026","13:00:53","Sale 08S1C3B7C6E","5957624","1","Sale Settlement","15/05/2026","16/05/2026","","234.00","538.87"
"3325933493","15/05/2026","13:00:53","Merchant Service Charge for Sale Ref: 08S1C3B7C6E","5957624","1","Merchant Service Charge","15/05/2026","16/05/2026","0.85","","538.02"
"3326206824","15/05/2026","16:54:54","Decline 08S1C3C441C","5957624","","Decline Fee","15/05/2026","15/05/2026","0.04","","537.98"
"3326208140","15/05/2026","16:56:06","Sale 08S1C3C45F2","5957624","1","Sale Settlement","16/05/2026","16/05/2026","","318.00","855.98"
"3326208140","15/05/2026","16:56:06","Merchant Service Charge for Sale Ref: 08S1C3C45F2","5957624","1","Merchant Service Charge","16/05/2026","16/05/2026","2.73","","853.25"
"3326364214","15/05/2026","19:00:00","Maturity of Sales for Account: 46795987",,"","Transfer for Remittance","","","173.32","","679.93"
"3326637845","15/05/2026","23:00:00","Maturity of Sales for Account: 46795987",,"","Transfer for Remittance","","","131.51","","548.42"
"3326669259","16/05/2026","00:00:00","Maturity of Sales for Account: 46795987",,"","Transfer for Remittance","","","233.15","","315.27"
"3326749631","16/05/2026","03:00:00","Maturity of Sales for Account: 46795987",,"","Transfer for Remittance","","","315.27","","0.00"
"3329072562","18/05/2026","09:04:09","Sale 08S1C42B54B","5957624","1","Sale Settlement","18/05/2026","18/05/2026","","198.00","198.00"
"3329072562","18/05/2026","09:04:09","Merchant Service Charge for Sale Ref: 08S1C42B54B","5957624","1","Merchant Service Charge","18/05/2026","18/05/2026","1.71","","196.29"
"3329243928","18/05/2026","12:04:51","Sale 08S1C430BAC","5957624","1","Sale Settlement","18/05/2026","18/05/2026","","384.00","580.29"
"3329243928","18/05/2026","12:04:51","Merchant Service Charge for Sale Ref: 08S1C430BAC","5957624","1","Merchant Service Charge","18/05/2026","18/05/2026","3.29","","577.00"
"3329265895","18/05/2026","12:28:54","Sale 08S1C43173A","5957624","1","Sale Settlement","18/05/2026","18/05/2026","","180.00","757.00"
"3329265895","18/05/2026","12:28:54","Merchant Service Charge for Sale Ref: 08S1C43173A","5957624","1","Merchant Service Charge","18/05/2026","18/05/2026","0.66","","756.34"
"3329463340","18/05/2026","15:52:59","Sale 08S1C437E23","5957624","1","Sale Settlement","19/05/2026","19/05/2026","","402.00","1,158.34"
"3329463340","18/05/2026","15:52:59","Merchant Service Charge for Sale Ref: 08S1C437E23","5957624","1","Merchant Service Charge","19/05/2026","19/05/2026","1.44","","1,156.90"
"3329776502","18/05/2026","20:00:00","Maturity of Sales for Account: 46795987",,"","Transfer for Remittance","","","196.29","","960.61"
"3329938468","18/05/2026","23:00:00","Maturity of Sales for Account: 46795987",,"","Transfer for Remittance","","","560.05","","400.56"
"3330006101","19/05/2026","02:00:00","Maturity of Sales for Account: 46795987",,"","Transfer for Remittance","","","400.56","","0.00"
"3330226995","19/05/2026","08:46:53","Sale 08S1C44B10F","5957624","1","Sale Settlement","19/05/2026","19/05/2026","","204.00","204.00"
"3330226995","19/05/2026","08:46:53","Merchant Service Charge for Sale Ref: 08S1C44B10F","5957624","1","Merchant Service Charge","19/05/2026","19/05/2026","0.74","","203.26"
"3330416979","19/05/2026","12:20:45","Decline 08S1C45225C","5957624","","Decline Fee","19/05/2026","19/05/2026","0.04","","203.22"
"3330418007","19/05/2026","12:20:55","Sale 08S1C452318","5957624","1","Sale Settlement","19/05/2026","19/05/2026","","240.00","443.22"
"3330418007","19/05/2026","12:20:55","Merchant Service Charge for Sale Ref: 08S1C452318","5957624","1","Merchant Service Charge","19/05/2026","19/05/2026","0.87","","442.35"
"3330592834","19/05/2026","15:26:51","Sale 08S1C45E06D","5957624","1","Sale Settlement","20/05/2026","20/05/2026","","396.00","838.35"
"3330592834","19/05/2026","15:26:51","Merchant Service Charge for Sale Ref: 08S1C45E06D","5957624","1","Merchant Service Charge","20/05/2026","20/05/2026","1.42","","836.93"
"3330812624","19/05/2026","19:00:00","Maturity of Sales for Account: 46795987",,"","Transfer for Remittance","","","203.22","","633.71"
"3331033991","19/05/2026","23:00:00","Maturity of Sales for Account: 46795987",,"","Transfer for Remittance","","","239.13","","394.58"
"3331098388","20/05/2026","02:00:00","Maturity of Sales for Account: 46795987",,"","Transfer for Remittance","","","394.58","","0.00"
"3331315075","20/05/2026","08:28:45","Sale 08S1C47ADB9","5957624","1","Sale Settlement","20/05/2026","20/05/2026","","181.20","181.20"
"3331315075","20/05/2026","08:28:45","Merchant Service Charge for Sale Ref: 08S1C47ADB9","5957624","1","Merchant Service Charge","20/05/2026","20/05/2026","0.66","","180.54"
"3331426058","20/05/2026","10:46:53","Sale 08S1C47F1DC","5957624","1","Sale Settlement","20/05/2026","20/05/2026","","204.00","384.54"
"3331426058","20/05/2026","10:46:53","Merchant Service Charge for Sale Ref: 08S1C47F1DC","5957624","1","Merchant Service Charge","20/05/2026","20/05/2026","0.74","","383.80"
"3331431862","20/05/2026","10:52:53","Sale 08S1C47F4E7","5957624","1","Sale Settlement","20/05/2026","20/05/2026","","6.16","389.96"
"3331431862","20/05/2026","10:52:53","Merchant Service Charge for Sale Ref: 08S1C47F4E7","5957624","1","Merchant Service Charge","20/05/2026","20/05/2026","0.05","","389.91"
"3331623530","20/05/2026","14:30:57","Sale 08S1C4876EE","5957624","1","Sale Settlement","21/05/2026","21/05/2026","","408.00","797.91"
"3331623530","20/05/2026","14:30:57","Merchant Service Charge for Sale Ref: 08S1C4876EE","5957624","1","Merchant Service Charge","21/05/2026","21/05/2026","3.50","","794.41"
"3331902493","20/05/2026","19:00:00","Maturity of Sales for Account: 46795987",,"","Transfer for Remittance","","","180.54","","613.87"
"3332036514","20/05/2026","21:00:00","Maturity of Sales for Account: 46795987",,"","Transfer for Remittance","","","209.37","","404.50"
"3332195618","21/05/2026","01:00:00","Maturity of Sales for Account: 46795987",,"","Transfer for Remittance","","","404.50","","0.00"
"3332415391","21/05/2026","08:20:52","Sale 08S1C4A62AD","5957624","1","Sale Settlement","21/05/2026","21/05/2026","","162.00","162.00"
"3332415391","21/05/2026","08:20:52","Merchant Service Charge for Sale Ref: 08S1C4A62AD","5957624","1","Merchant Service Charge","21/05/2026","21/05/2026","0.60","","161.40"
"3332488590","21/05/2026","09:46:57","Sale 08S1C4A8D29","5957624","1","Sale Settlement","21/05/2026","21/05/2026","","210.00","371.40"
"3332488590","21/05/2026","09:46:57","Merchant Service Charge for Sale Ref: 08S1C4A8D29","5957624","1","Merchant Service Charge","21/05/2026","21/05/2026","0.76","","370.64"
"3332601432","21/05/2026","11:51:04","Sale 08S1C4AD23E","5957624","1","Sale Settlement","21/05/2026","21/05/2026","","174.00","544.64"
"3332601432","21/05/2026","11:51:04","Merchant Service Charge for Sale Ref: 08S1C4AD23E","5957624","1","Merchant Service Charge","21/05/2026","21/05/2026","0.64","","544.00"
"3332755907","21/05/2026","14:45:04","Sale 08S1C4B41F9","5957624","1","Sale Settlement","22/05/2026","22/05/2026","","408.00","952.00"
"3332755907","21/05/2026","14:45:04","Merchant Service Charge for Sale Ref: 08S1C4B41F9","5957624","1","Merchant Service Charge","22/05/2026","22/05/2026","1.46","","950.54"
"3333089422","21/05/2026","19:00:00","Maturity of Sales for Account: 46795987",,"","Transfer for Remittance","","","161.40","","789.14"
"3333170317","21/05/2026","20:00:00","Maturity of Sales for Account: 46795987",,"","Transfer for Remittance","","","209.24","","579.90"
"3333275366","21/05/2026","22:00:00","Maturity of Sales for Account: 46795987",,"","Transfer for Remittance","","","173.36","","406.54"
"3333431296","22/05/2026","01:00:00","Maturity of Sales for Account: 46795987",,"","Transfer for Remittance","","","406.54","","0.00"
"3334004963","22/05/2026","11:22:48","Sale 08S1C4E1994","5957624","1","Sale Settlement","22/05/2026","22/05/2026","","108.00","108.00"
"3334004963","22/05/2026","11:22:48","Merchant Service Charge for Sale Ref: 08S1C4E1994","5957624","1","Merchant Service Charge","22/05/2026","22/05/2026","0.41","","107.59"
"3334047186","22/05/2026","12:00:54","Sale 08S1C4E3254","5957624","1","Sale Settlement","22/05/2026","22/05/2026","","282.00","389.59"
"3334047186","22/05/2026","12:00:54","Merchant Service Charge for Sale Ref: 08S1C4E3254","5957624","1","Merchant Service Charge","22/05/2026","22/05/2026","5.25","","384.34"
"3334259106","22/05/2026","15:06:59","Sale 08S1C4E9D2F","5957624","1","Sale Settlement","23/05/2026","23/05/2026","","174.00","558.34"
"3334259106","22/05/2026","15:06:59","Merchant Service Charge for Sale Ref: 08S1C4E9D2F","5957624","1","Merchant Service Charge","23/05/2026","23/05/2026","0.64","","557.70"
"3334740451","22/05/2026","22:00:00","Maturity of Sales for Account: 46795987",,"","Transfer for Remittance","","","107.59","","450.11"
"3334836919","22/05/2026","23:00:00","Maturity of Sales for Account: 46795987",,"","Transfer for Remittance","","","276.75","","173.36"
"3334906761","23/05/2026","02:00:00","Maturity of Sales for Account: 46795987",,"","Transfer for Remittance","","","173.36","","0.00"
"3338157987","26/05/2026","10:22:53","Sale 08S1C55B56A","5957624","1","Sale Settlement","26/05/2026","26/05/2026","","336.00","336.00"
"3338157987","26/05/2026","10:22:53","Merchant Service Charge for Sale Ref: 08S1C55B56A","5957624","1","Merchant Service Charge","26/05/2026","26/05/2026","6.25","","329.75"
"3338317080","26/05/2026","13:35:09","Sale 08S1C562C3A","5957624","1","Sale Settlement","26/05/2026","27/05/2026","","342.00","671.75"
"3338317080","26/05/2026","13:35:09","Merchant Service Charge for Sale Ref: 08S1C562C3A","5957624","1","Merchant Service Charge","26/05/2026","27/05/2026","1.23","","670.52"
"3338756249","26/05/2026","21:00:00","Maturity of Sales for Account: 46795987",,"","Transfer for Remittance","","","329.75","","340.77"
"3338881925","27/05/2026","00:00:00","Maturity of Sales for Account: 46795987",,"","Transfer for Remittance","","","340.77","","0.00"
"3339247149","27/05/2026","09:58:16","Sale 08S1C58B624","5957624","1","Sale Settlement","27/05/2026","27/05/2026","","120.00","120.00"
"3339247149","27/05/2026","09:58:16","Merchant Service Charge for Sale Ref: 08S1C58B624","5957624","1","Merchant Service Charge","27/05/2026","27/05/2026","1.05","","118.95"
"3339389494","27/05/2026","12:27:16","Sale 08S1C590E57","5957624","1","Sale Settlement","27/05/2026","27/05/2026","","696.60","815.55"
"3339389494","27/05/2026","12:27:16","Merchant Service Charge for Sale Ref: 08S1C590E57","5957624","1","Merchant Service Charge","27/05/2026","27/05/2026","2.47","","813.08"
"3339855650","27/05/2026","20:00:00","Maturity of Sales for Account: 46795987",,"","Transfer for Remittance","","","118.95","","694.13"
"3340019887","27/05/2026","23:00:00","Maturity of Sales for Account: 46795987",,"","Transfer for Remittance","","","694.13","","0.00"
"3346210478","01/06/2026","08:39:02","Sale 08S1C65E24B","5957624","1","Sale Settlement","01/06/2026","01/06/2026","","138.00","138.00"
"3346210478","01/06/2026","08:39:02","Merchant Service Charge for Sale Ref: 08S1C65E24B","5957624","1","Merchant Service Charge","01/06/2026","01/06/2026","0.51","","137.49"
"3346544184","01/06/2026","13:52:20","Sale 08S1C669154","5957624","1","Sale Settlement","01/06/2026","02/06/2026","","696.00","833.49"
"3346544184","01/06/2026","13:52:20","Merchant Service Charge for Sale Ref: 08S1C669154","5957624","1","Merchant Service Charge","01/06/2026","02/06/2026","5.95","","827.54"
"3346913960","01/06/2026","19:00:00","Maturity of Sales for Account: 46795987",,"","Transfer for Remittance","","","137.49","","690.05"
"3347237160","02/06/2026","00:00:00","Maturity of Sales for Account: 46795987",,"","Transfer for Remittance","","","690.05","","0.00"
"3347571221","02/06/2026","08:58:55","Sale 08S1C682C46","5957624","1","Sale Settlement","02/06/2026","02/06/2026","","186.00","186.00"
"3347571221","02/06/2026","08:58:55","Merchant Service Charge for Sale Ref: 08S1C682C46","5957624","1","Merchant Service Charge","02/06/2026","02/06/2026","0.68","","185.32"
"3347682287","02/06/2026","10:54:58","Sale 08S1C6864DE","5957624","1","Sale Settlement","02/06/2026","02/06/2026","","174.00","359.32"
"3347682287","02/06/2026","10:54:58","Merchant Service Charge for Sale Ref: 08S1C6864DE","5957624","1","Merchant Service Charge","02/06/2026","02/06/2026","0.64","","358.68"
"3347828749","02/06/2026","13:19:06","Sale 08S1C68C318","5957624","1","Sale Settlement","02/06/2026","03/06/2026","","78.00","436.68"
"3347828749","02/06/2026","13:19:06","Merchant Service Charge for Sale Ref: 08S1C68C318","5957624","1","Merchant Service Charge","02/06/2026","03/06/2026","0.30","","436.38"
"3347929610","02/06/2026","15:04:55","Sale 08S1C693AB2","5957624","1","Sale Settlement","03/06/2026","03/06/2026","","243.00","679.38"
"3347929610","02/06/2026","15:04:55","Merchant Service Charge for Sale Ref: 08S1C693AB2","5957624","1","Merchant Service Charge","03/06/2026","03/06/2026","0.88","","678.50"
"3348178801","02/06/2026","19:00:00","Maturity of Sales for Account: 46795987",,"","Transfer for Remittance","","","185.32","","493.18"
"3348319353","02/06/2026","21:00:00","Maturity of Sales for Account: 46795987",,"","Transfer for Remittance","","","173.36","","319.82"
"3348490125","03/06/2026","00:00:00","Maturity of Sales for Account: 46795987",,"","Transfer for Remittance","","","77.70","","242.12"
"3348530897","03/06/2026","02:00:00","Maturity of Sales for Account: 46795987",,"","Transfer for Remittance","","","242.12","","0.00"
"3348839670","03/06/2026","10:05:03","Sale 08S1C6B5814","5957624","1","Sale Settlement","03/06/2026","03/06/2026","","276.00","276.00"
"3348839670","03/06/2026","10:05:03","Merchant Service Charge for Sale Ref: 08S1C6B5814","5957624","1","Merchant Service Charge","03/06/2026","03/06/2026","3.76","","272.24"
"3348942369","03/06/2026","12:00:58","Sale 08S1C6B8D1A","5957624","1","Sale Settlement","03/06/2026","03/06/2026","","198.00","470.24"
"3348942369","03/06/2026","12:00:58","Merchant Service Charge for Sale Ref: 08S1C6B8D1A","5957624","1","Merchant Service Charge","03/06/2026","03/06/2026","0.72","","469.52"
"3349527820","03/06/2026","21:00:00","Maturity of Sales for Account: 46795987",,"","Transfer for Remittance","","","272.24","","197.28"
"3349669545","03/06/2026","23:00:00","Maturity of Sales for Account: 46795987",,"","Transfer for Remittance","","","197.28","","0.00"
"3350019569","04/06/2026","09:34:52","Sale 08S1C6E0C09","5957624","1","Sale Settlement","04/06/2026","04/06/2026","","216.00","216.00"
"3350019569","04/06/2026","09:34:52","Merchant Service Charge for Sale Ref: 08S1C6E0C09","5957624","1","Merchant Service Charge","04/06/2026","04/06/2026","1.87","","214.13"
"3350049018","04/06/2026","10:09:04","Sale 08S1C6E1E1A","5957624","1","Sale Settlement","04/06/2026","04/06/2026","","201.00","415.13"
"3350049018","04/06/2026","10:09:04","Merchant Service Charge for Sale Ref: 08S1C6E1E1A","5957624","1","Merchant Service Charge","04/06/2026","04/06/2026","0.73","","414.40"
"3350131540","04/06/2026","11:38:57","Sale 08S1C6E50CA","5957624","1","Sale Settlement","04/06/2026","04/06/2026","","150.00","564.40"
"3350131540","04/06/2026","11:38:57","Merchant Service Charge for Sale Ref: 08S1C6E50CA","5957624","1","Merchant Service Charge","04/06/2026","04/06/2026","0.55","","563.85"
"3350296242","04/06/2026","14:32:17","Sale 08S1C6EC362","5957624","1","Sale Settlement","05/06/2026","05/06/2026","","300.00","863.85"
"3350296242","04/06/2026","14:32:17","Merchant Service Charge for Sale Ref: 08S1C6EC362","5957624","1","Merchant Service Charge","05/06/2026","05/06/2026","1.08","","862.77"
"3350698614","04/06/2026","20:00:00","Maturity of Sales for Account: 46795987",,"","Transfer for Remittance","","","214.13","","648.64"
"3350764403","04/06/2026","21:00:00","Maturity of Sales for Account: 46795987",,"","Transfer for Remittance","","","200.27","","448.37"
"3350802157","04/06/2026","22:00:00","Maturity of Sales for Account: 46795987",,"","Transfer for Remittance","","","149.45","","298.92"
"3350982208","05/06/2026","01:00:00","Maturity of Sales for Account: 46795987",,"","Transfer for Remittance","","","298.92","","0.00"
"3351273607","05/06/2026","07:57:11","Sale 08S1C70FF68","5957624","1","Sale Settlement","05/06/2026","05/06/2026","","180.00","180.00"
"3351273607","05/06/2026","07:57:11","Merchant Service Charge for Sale Ref: 08S1C70FF68","5957624","1","Merchant Service Charge","05/06/2026","05/06/2026","0.66","","179.34"
"3351428940","05/06/2026","10:29:16","Sale 08S1C715677","5957624","1","Sale Settlement","05/06/2026","05/06/2026","","108.00","287.34"
"3351428940","05/06/2026","10:29:16","Merchant Service Charge for Sale Ref: 08S1C715677","5957624","1","Merchant Service Charge","05/06/2026","05/06/2026","0.41","","286.93"
"3351528385","05/06/2026","12:03:22","Sale 08S1C71977F","5957624","1","Sale Settlement","05/06/2026","05/06/2026","","263.18","550.11"
"3351528385","05/06/2026","12:03:22","Merchant Service Charge for Sale Ref: 08S1C71977F","5957624","1","Merchant Service Charge","05/06/2026","05/06/2026","2.27","","547.84"
"3351790912","05/06/2026","16:08:50","Sale 08S1C725C1F","5957624","1","Sale Settlement","06/06/2026","06/06/2026","","390.00","937.84"
"3351790912","05/06/2026","16:08:50","Merchant Service Charge for Sale Ref: 08S1C725C1F","5957624","1","Merchant Service Charge","06/06/2026","06/06/2026","3.34","","934.50"
"3351938117","05/06/2026","18:00:00","Maturity of Sales for Account: 46795987",,"","Transfer for Remittance","","","179.34","","755.16"
"3352167721","05/06/2026","21:00:00","Maturity of Sales for Account: 46795987",,"","Transfer for Remittance","","","107.59","","647.57"
"3352376555","05/06/2026","23:00:00","Maturity of Sales for Account: 46795987",,"","Transfer for Remittance","","","260.91","","386.66"
"3352484614","06/06/2026","03:00:00","Maturity of Sales for Account: 46795987",,"","Transfer for Remittance","","","386.66","","0.00"
"3355007938","08/06/2026","09:21:14","Sale 08S1C79F0CE","5957624","1","Sale Settlement","08/06/2026","08/06/2026","","114.00","114.00"
"3355007938","08/06/2026","09:21:14","Merchant Service Charge for Sale Ref: 08S1C79F0CE","5957624","1","Merchant Service Charge","08/06/2026","08/06/2026","0.43","","113.57"
"3355067562","08/06/2026","10:29:17","Sale 08S1C79F6BB","5957624","1","Sale Settlement","08/06/2026","08/06/2026","","270.00","383.57"
"3355067562","08/06/2026","10:29:17","Merchant Service Charge for Sale Ref: 08S1C79F6BB","5957624","1","Merchant Service Charge","08/06/2026","08/06/2026","2.32","","381.25"
"3355149015","08/06/2026","11:55:17","Sale 08S1C7A0E76","5957624","1","Sale Settlement","08/06/2026","08/06/2026","","342.00","723.25"
"3355149015","08/06/2026","11:55:17","Merchant Service Charge for Sale Ref: 08S1C7A0E76","5957624","1","Merchant Service Charge","08/06/2026","08/06/2026","2.94","","720.31"
"3355276754","08/06/2026","14:19:09","Sale 08S1C7A5F2E","5957624","1","Sale Settlement","09/06/2026","09/06/2026","","180.00","900.31"
"3355276754","08/06/2026","14:19:09","Merchant Service Charge for Sale Ref: 08S1C7A5F2E","5957624","1","Merchant Service Charge","09/06/2026","09/06/2026","0.66","","899.65"
"3355331305","08/06/2026","15:16:25","Sale 08S1C7A88E8","5957624","1","Sale Settlement","09/06/2026","09/06/2026","","231.00","1,130.65"
"3355331305","08/06/2026","15:16:25","Merchant Service Charge for Sale Ref: 08S1C7A88E8","5957624","1","Merchant Service Charge","09/06/2026","09/06/2026","0.84","","1,129.81"
"3355628134","08/06/2026","20:00:00","Maturity of Sales for Account: 46795987",,"","Transfer for Remittance","","","113.57","","1,016.24"
"3355696939","08/06/2026","21:00:00","Maturity of Sales for Account: 46795987",,"","Transfer for Remittance","","","267.68","","748.56"
"3355732459","08/06/2026","22:00:00","Maturity of Sales for Account: 46795987",,"","Transfer for Remittance","","","339.06","","409.50"
"3355878772","09/06/2026","01:00:00","Maturity of Sales for Account: 46795987",,"","Transfer for Remittance","","","179.34","","230.16"
"3355891814","09/06/2026","02:00:00","Maturity of Sales for Account: 46795987",,"","Transfer for Remittance","","","230.16","","0.00"
"3356093783","09/06/2026","08:23:17","Sale 08S1C7BD4F1","5957624","1","Sale Settlement","09/06/2026","09/06/2026","","108.00","108.00"
"3356093783","09/06/2026","08:23:17","Merchant Service Charge for Sale Ref: 08S1C7BD4F1","5957624","1","Merchant Service Charge","09/06/2026","09/06/2026","0.41","","107.59"
"3356245226","09/06/2026","11:13:14","Sale 08S1C7C2084","5957624","1","Sale Settlement","09/06/2026","09/06/2026","","174.00","281.59"
"3356245226","09/06/2026","11:13:14","Merchant Service Charge for Sale Ref: 08S1C7C2084","5957624","1","Merchant Service Charge","09/06/2026","09/06/2026","0.64","","280.95"
"3356323612","09/06/2026","12:34:34","Sale 08S1C7C49E2","5957624","1","Sale Settlement","09/06/2026","09/06/2026","","174.00","454.95"
"3356323612","09/06/2026","12:34:34","Merchant Service Charge for Sale Ref: 08S1C7C49E2","5957624","1","Merchant Service Charge","09/06/2026","09/06/2026","0.64","","454.31"
"3356332581","09/06/2026","12:45:14","Sale 08S1C7C4C1A","5957624","1","Sale Settlement","09/06/2026","09/06/2026","","102.00","556.31"
"3356332581","09/06/2026","12:45:14","Merchant Service Charge for Sale Ref: 08S1C7C4C1A","5957624","1","Merchant Service Charge","09/06/2026","09/06/2026","0.39","","555.92"
"3356343053","09/06/2026","12:57:13","Sale 08S1C7C4F33","5957624","1","Sale Settlement","09/06/2026","09/06/2026","","170.00","725.92"
"3356343053","09/06/2026","12:57:13","Merchant Service Charge for Sale Ref: 08S1C7C4F33","5957624","1","Merchant Service Charge","09/06/2026","09/06/2026","0.62","","725.30"
"3356447999","09/06/2026","14:53:06","Sale 08S1C7CCABF","5957624","1","Sale Settlement","10/06/2026","10/06/2026","","120.00","845.30"
"3356447999","09/06/2026","14:53:06","Merchant Service Charge for Sale Ref: 08S1C7CCABF","5957624","1","Merchant Service Charge","10/06/2026","10/06/2026","0.45","","844.85"
"3356697299","09/06/2026","19:00:00","Maturity of Sales for Account: 46795987",,"","Transfer for Remittance","","","107.59","","737.26"
"3356864719","09/06/2026","22:00:00","Maturity of Sales for Account: 46795987",,"","Transfer for Remittance","","","173.36","","563.90"
"3356958081","09/06/2026","23:00:00","Maturity of Sales for Account: 46795987",,"","Transfer for Remittance","","","444.35","","119.55"
"3357010139","10/06/2026","01:00:00","Maturity of Sales for Account: 46795987",,"","Transfer for Remittance","","","119.55","","0.00"
"3357258917","10/06/2026","08:51:03","Sale 08S1C7ED898","5957624","1","Sale Settlement","10/06/2026","10/06/2026","","174.00","174.00"
"3357258917","10/06/2026","08:51:03","Merchant Service Charge for Sale Ref: 08S1C7ED898","5957624","1","Merchant Service Charge","10/06/2026","10/06/2026","0.64","","173.36"
"3357344483","10/06/2026","10:35:14","Sale 08S1C7F07E8","5957624","1","Sale Settlement","10/06/2026","10/06/2026","","150.00","323.36"
"3357344483","10/06/2026","10:35:14","Merchant Service Charge for Sale Ref: 08S1C7F07E8","5957624","1","Merchant Service Charge","10/06/2026","10/06/2026","0.55","","322.81"
"3357442663","10/06/2026","12:17:11","Sale 08S1C7F43F4","5957624","1","Sale Settlement","10/06/2026","10/06/2026","","192.00","514.81"
"3357442663","10/06/2026","12:17:11","Merchant Service Charge for Sale Ref: 08S1C7F43F4","5957624","1","Merchant Service Charge","10/06/2026","10/06/2026","1.66","","513.15"
"3357450073","10/06/2026","12:23:15","Sale 08S1C7F47F6","5957624","1","Sale Settlement","10/06/2026","10/06/2026","","198.00","711.15"
"3357450073","10/06/2026","12:23:15","Merchant Service Charge for Sale Ref: 08S1C7F47F6","5957624","1","Merchant Service Charge","10/06/2026","10/06/2026","0.72","","710.43"
"3357569539","10/06/2026","14:33:03","Sale 08S1C7F94CD","5957624","1","Sale Settlement","11/06/2026","11/06/2026","","214.00","924.43"
"3357569539","10/06/2026","14:33:03","Merchant Service Charge for Sale Ref: 08S1C7F94CD","5957624","1","Merchant Service Charge","11/06/2026","11/06/2026","0.78","","923.65"
"3357879095","10/06/2026","19:00:00","Maturity of Sales for Account: 46795987",,"","Transfer for Remittance","","","173.36","","750.29"
"3358020694","10/06/2026","21:00:00","Maturity of Sales for Account: 46795987",,"","Transfer for Remittance","","","149.45","","600.84"
"3358159061","10/06/2026","23:00:00","Maturity of Sales for Account: 46795987",,"","Transfer for Remittance","","","387.62","","213.22"
"3358210159","11/06/2026","01:00:00","Maturity of Sales for Account: 46795987",,"","Transfer for Remittance","","","213.22","","0.00"
"3358437913","11/06/2026","08:47:16","Sale 08S1C81732A","5957624","1","Sale Settlement","11/06/2026","11/06/2026","","198.00","198.00"
"3358437913","11/06/2026","08:47:16","Merchant Service Charge for Sale Ref: 08S1C81732A","5957624","1","Merchant Service Charge","11/06/2026","11/06/2026","0.72","","197.28"
"3358481986","11/06/2026","09:41:06","Sale 08S1C818C18","5957624","1","Sale Settlement","11/06/2026","11/06/2026","","216.00","413.28"
"3358481986","11/06/2026","09:41:06","Merchant Service Charge for Sale Ref: 08S1C818C18","5957624","1","Merchant Service Charge","11/06/2026","11/06/2026","1.87","","411.41"
"3358575130","11/06/2026","11:17:31","Sale 08S1C81C3E1","5957624","1","Sale Settlement","11/06/2026","11/06/2026","","150.00","561.41"
"3358575130","11/06/2026","11:17:31","Merchant Service Charge for Sale Ref: 08S1C81C3E1","5957624","1","Merchant Service Charge","11/06/2026","11/06/2026","0.55","","560.86"
"3358698916","11/06/2026","13:31:10","Sale 08S1C821317","5957624","1","Sale Settlement","11/06/2026","12/06/2026","","174.00","734.86"
"3358698916","11/06/2026","13:31:10","Merchant Service Charge for Sale Ref: 08S1C821317","5957624","1","Merchant Service Charge","11/06/2026","12/06/2026","0.64","","734.22"
"3358737804","11/06/2026","14:14:39","Sale 08S1C82313A","5957624","1","Sale Settlement","12/06/2026","12/06/2026","","312.00","1,046.22"
"3358737804","11/06/2026","14:14:39","Merchant Service Charge for Sale Ref: 08S1C82313A","5957624","1","Merchant Service Charge","12/06/2026","12/06/2026","1.12","","1,045.10"
"3359059962","11/06/2026","19:00:00","Maturity of Sales for Account: 46795987",,"","Transfer for Remittance","","","197.28","","847.82"
"3359137557","11/06/2026","20:00:00","Maturity of Sales for Account: 46795987",,"","Transfer for Remittance","","","214.13","","633.69"
"3359240014","11/06/2026","22:00:00","Maturity of Sales for Account: 46795987",,"","Transfer for Remittance","","","149.45","","484.24"
"3359356928","12/06/2026","00:00:00","Maturity of Sales for Account: 46795987",,"","Transfer for Remittance","","","173.36","","310.88"
"3359384833","12/06/2026","01:00:00","Maturity of Sales for Account: 46795987",,"","Transfer for Remittance","","","310.88","","0.00"
"3359673767","12/06/2026","08:15:19","Sale 08S1C846CDD","5957624","1","Sale Settlement","12/06/2026","12/06/2026","","174.00","174.00"
"3359673767","12/06/2026","08:15:19","Merchant Service Charge for Sale Ref: 08S1C846CDD","5957624","1","Merchant Service Charge","12/06/2026","12/06/2026","0.64","","173.36"
"3359744041","12/06/2026","09:29:06","Sale 08S1C849599","5957624","1","Sale Settlement","12/06/2026","12/06/2026","","150.00","323.36"
"3359744041","12/06/2026","09:29:06","Merchant Service Charge for Sale Ref: 08S1C849599","5957624","1","Merchant Service Charge","12/06/2026","12/06/2026","1.30","","322.06"
"3360009679","12/06/2026","13:54:30","Sale 08S1C852E37","5957624","1","Sale Settlement","12/06/2026","13/06/2026","","120.00","442.06"
"3360009679","12/06/2026","13:54:30","Merchant Service Charge for Sale Ref: 08S1C852E37","5957624","1","Merchant Service Charge","12/06/2026","13/06/2026","0.45","","441.61"
"3360365625","12/06/2026","19:00:00","Maturity of Sales for Account: 46795987",,"","Transfer for Remittance","","","173.36","","268.25"
"3360434182","12/06/2026","20:00:00","Maturity of Sales for Account: 46795987",,"","Transfer for Remittance","","","148.70","","119.55"
"3360673435","13/06/2026","00:00:00","Maturity of Sales for Account: 46795987",,"","Transfer for Remittance","","","119.55","","0.00"
"3363021965","15/06/2026","08:11:17","Sale 08S1C8A3135","5957624","1","Sale Settlement","15/06/2026","15/06/2026","","120.00","120.00"
"3363021965","15/06/2026","08:11:17","Merchant Service Charge for Sale Ref: 08S1C8A3135","5957624","1","Merchant Service Charge","15/06/2026","15/06/2026","1.05","","118.95"
"3363255041","15/06/2026","12:23:02","Sale 08S1C8AA6A5","5957624","1","Sale Settlement","15/06/2026","15/06/2026","","198.00","316.95"
"3363255041","15/06/2026","12:23:02","Merchant Service Charge for Sale Ref: 08S1C8AA6A5","5957624","1","Merchant Service Charge","15/06/2026","15/06/2026","0.72","","316.23"
"3363408281","15/06/2026","15:02:36","Sale 08S1C8AF513","5957624","1","Sale Settlement","16/06/2026","16/06/2026","","162.00","478.23"
"3363408281","15/06/2026","15:02:36","Merchant Service Charge for Sale Ref: 08S1C8AF513","5957624","1","Merchant Service Charge","16/06/2026","16/06/2026","0.60","","477.63"
"3363528247","15/06/2026","17:00:37","Sale 08S1C8B345A","5957624","1","Sale Settlement","16/06/2026","16/06/2026","","222.00","699.63"
"3363528247","15/06/2026","17:00:37","Merchant Service Charge for Sale Ref: 08S1C8B345A","5957624","1","Merchant Service Charge","16/06/2026","16/06/2026","1.92","","697.71"
"3363685308","15/06/2026","19:00:00","Maturity of Sales for Account: 46795987",,"","Transfer for Remittance","","","118.95","","578.76"
"3363918621","15/06/2026","23:00:00","Maturity of Sales for Account: 46795987",,"","Transfer for Remittance","","","197.28","","381.48"
"3363991001","16/06/2026","02:00:00","Maturity of Sales for Account: 46795987",,"","Transfer for Remittance","","","161.40","","220.08"
"3364045665","16/06/2026","04:00:00","Maturity of Sales for Account: 46795987",,"","Transfer for Remittance","","","220.08","","0.00"
"3364284637","16/06/2026","10:19:15","Sale 08S1C8C5A76","5957624","1","Sale Settlement","16/06/2026","16/06/2026","","135.00","135.00"
"3364284637","16/06/2026","10:19:15","Merchant Service Charge for Sale Ref: 08S1C8C5A76","5957624","1","Merchant Service Charge","16/06/2026","16/06/2026","0.50","","134.50"
"3364451405","16/06/2026","13:31:08","Sale 08S1C8CC1B5","5957624","1","Sale Settlement","16/06/2026","17/06/2026","","108.00","242.50"
"3364451405","16/06/2026","13:31:08","Merchant Service Charge for Sale Ref: 08S1C8CC1B5","5957624","1","Merchant Service Charge","16/06/2026","17/06/2026","0.41","","242.09"
"3364894551","16/06/2026","21:00:00","Maturity of Sales for Account: 46795987",,"","Transfer for Remittance","","","134.50","","107.59"
"3365017248","17/06/2026","00:00:00","Maturity of Sales for Account: 46795987",,"","Transfer for Remittance","","","107.59","","0.00"
"3365226554","17/06/2026","08:19:12","Sale 08S1C8ED55B","5957624","1","Sale Settlement","17/06/2026","17/06/2026","","318.00","318.00"
"3365226554","17/06/2026","08:19:12","Merchant Service Charge for Sale Ref: 08S1C8ED55B","5957624","1","Merchant Service Charge","17/06/2026","17/06/2026","1.14","","316.86"
"3365314307","17/06/2026","10:13:21","Sale 08S1C8F01F5","5957624","1","Sale Settlement","17/06/2026","17/06/2026","","114.00","430.86"
"3365314307","17/06/2026","10:13:21","Merchant Service Charge for Sale Ref: 08S1C8F01F5","5957624","1","Merchant Service Charge","17/06/2026","17/06/2026","0.43","","430.43"
"3365390155","17/06/2026","11:33:08","Sale 08S1C8F23FC","5957624","1","Sale Settlement","17/06/2026","17/06/2026","","186.00","616.43"
"3365390155","17/06/2026","11:33:08","Merchant Service Charge for Sale Ref: 08S1C8F23FC","5957624","1","Merchant Service Charge","17/06/2026","17/06/2026","1.61","","614.82"
"3365523790","17/06/2026","14:07:06","Sale 08S1C8F6A34","5957624","1","Sale Settlement","18/06/2026","18/06/2026","","348.00","962.82"
"3365523790","17/06/2026","14:07:06","Merchant Service Charge for Sale Ref: 08S1C8F6A34","5957624","1","Merchant Service Charge","18/06/2026","18/06/2026","2.99","","959.83"
"3365810906","17/06/2026","19:00:00","Maturity of Sales for Account: 46795987",,"","Transfer for Remittance","","","316.86","","642.97"
"3365937607","17/06/2026","21:00:00","Maturity of Sales for Account: 46795987",,"","Transfer for Remittance","","","113.57","","529.40"
"3365976630","17/06/2026","22:00:00","Maturity of Sales for Account: 46795987",,"","Transfer for Remittance","","","184.39","","345.01"
"3366101855","18/06/2026","01:00:00","Maturity of Sales for Account: 46795987",,"","Transfer for Remittance","","","345.01","","0.00"
"3366603919","18/06/2026","14:29:03","Sale 08S1C91F9D0","5957624","1","Sale Settlement","19/06/2026","","","186.00","186.00"
"3366603919","18/06/2026","14:29:03","Merchant Service Charge for Sale Ref: 08S1C91F9D0","5957624","1","Merchant Service Charge","19/06/2026","","0.68","","185.32"
